{"cameraMode":{"drawMode":0,"name":"Shaded","section":"Shading Mode"},"sceneLighting":true,"audioPlay":false,"sceneViewState":{"showFog":true,"showMaterialUpdate":false,"showSkybox":true,"showFlares":true,"showImageEffects":true,"showParticleSystems":true},"in2DMode":false,"pivot":{"x":0.4567403793334961,"y":7.009888172149658,"z":7.403275966644287},"rotation":{"x":-0.2835666835308075,"y":-0.7161543369293213,"z":0.43929314613342287,"w":-0.46231433749198916},"size":22.1844425201416,"orthographic":true}